date,eth_price
2020-08-02,368.23
2020-08-01,387.14
2020-07-31,346.51
2020-07-30,334.87
2020-07-29,317.82
2020-07-28,316.96
2020-07-27,321.80
2020-07-26,311.13
2020-07-25,305.32
2020-07-24,279.33
2020-07-23,275.34
2020-07-22,263.28
2020-07-21,245.53
2020-07-20,236.10
2020-07-19,239.01
2020-07-18,235.75
2020-07-17,232.75
2020-07-16,233.65
2020-07-15,238.62
2020-07-14,240.50
2020-07-13,239.73
2020-07-12,242.75
2020-07-11,239.20
2020-07-10,241.26
2020-07-09,242.02
2020-07-08,246.99
2020-07-07,239.25
2020-07-06,241.56
2020-07-05,227.98
2020-07-04,229.15
2020-07-03,225.12
2020-07-02,226.42
2020-07-01,230.95
2020-06-30,225.63
2020-06-29,227.87
2020-06-28,225.09
2020-06-27,221.06
2020-06-26,229.67
2020-06-25,232.56
2020-06-24,234.75
2020-06-23,243.20
2020-06-22,243.25
2020-06-21,228.13
2020-06-20,228.86
2020-06-19,229.11
2020-06-18,231.34
2020-06-17,233.88
2020-06-16,235.36
2020-06-15,230.93
2020-06-14,232.02
2020-06-13,238.22
2020-06-12,237.54
2020-06-11,230.71
2020-06-10,247.78
2020-06-09,243.82
2020-06-08,246.18
2020-06-07,244.56
2020-06-06,242.00
2020-06-05,240.23
2020-06-04,243.37
2020-06-03,244.52
2020-06-02,237.94
2020-06-01,247.97
2020-05-31,231.81
2020-05-30,243.63
2020-05-29,220.66
2020-05-28,220.18
2020-05-27,208.18
2020-05-26,201.00
2020-05-25,204.13
2020-05-24,199.97
2020-05-23,206.62
2020-05-22,207.35
2020-05-21,198.75
2020-05-20,209.99
2020-05-19,214.51
2020-05-18,214.87
2020-05-17,207.00
2020-05-16,200.51
2020-05-15,194.85
2020-05-14,203.30
2020-05-13,199.58
2020-05-12,189.84
2020-05-11,185.96
2020-05-10,187.78
2020-05-09,210.22
2020-05-08,211.45
2020-05-07,212.00
2020-05-06,199.04
2020-05-05,205.36
2020-05-04,206.61
2020-05-03,209.83
2020-05-02,213.96
2020-05-01,212.00
2020-04-30,206.22
2020-04-29,215.40
2020-04-28,196.55
2020-04-27,196.14
2020-04-26,197.35
2020-04-25,194.01
2020-04-24,187.58
2020-04-23,185.46
2020-04-22,182.72
2020-04-21,170.79
2020-04-20,170.40
2020-04-19,180.13
2020-04-18,187.45
2020-04-17,170.63
2020-04-16,172.31
2020-04-15,152.90
2020-04-14,158.45
2020-04-13,156.38
2020-04-12,158.73
2020-04-11,158.18
2020-04-10,157.86
2020-04-09,169.68
2020-04-08,173.00
2020-04-07,164.71
2020-04-06,171.06
2020-04-05,142.58
2020-04-04,144.01
2020-04-03,141.14
2020-04-02,141.30
2020-04-01,135.66
2020-03-31,132.86
2020-03-30,132.15
2020-03-29,125.24
2020-03-28,131.03
2020-03-27,131.74
2020-03-26,138.38
2020-03-25,136.07
2020-03-24,138.62
2020-03-23,136.02
2020-03-22,122.41
2020-03-21,132.58
2020-03-20,133.32
2020-03-19,135.43
2020-03-18,117.77
2020-03-17,116.06
2020-03-16,111.02
2020-03-15,124.35
2020-03-14,122.69
2020-03-13,133.99
2020-03-12,107.90
2020-03-11,194.58
2020-03-10,200.56
2020-03-09,202.85
2020-03-08,199.16
2020-03-07,237.32
2020-03-06,244.90
2020-03-05,228.45
2020-03-04,224.38
2020-03-03,223.94
2020-03-02,231.87
2020-03-01,217.99
2020-02-29,217.52
2020-02-28,226.93
2020-02-27,227.53
2020-02-26,224.30
2020-02-25,246.96
2020-02-24,265.65
2020-02-23,274.72
2020-02-22,261.64
2020-02-21,265.11
2020-02-20,257.39
2020-02-19,259.12
2020-02-18,282.26
2020-02-17,267.63
2020-02-16,259.99
2020-02-15,264.87
2020-02-14,285.25
2020-02-13,268.75
2020-02-12,265.58
2020-02-11,236.76
2020-02-10,222.95
2020-02-09,228.59
2020-02-08,223.23
2020-02-07,223.51
2020-02-06,213.16
2020-02-05,203.83
2020-02-04,188.93
2020-02-03,189.79
2020-02-02,188.50
2020-02-01,183.64
2020-01-31,179.91
2020-01-30,184.59
2020-01-29,173.86
2020-01-28,175.74
2020-01-27,170.27
2020-01-26,167.90
2020-01-25,160.44
2020-01-24,162.55
2020-01-23,162.80
2020-01-22,168.13
2020-01-21,169.41
2020-01-20,166.87
2020-01-19,166.92
2020-01-18,174.19
2020-01-17,170.22
2020-01-16,164.36
2020-01-15,166.45
2020-01-14,166.07
2020-01-13,143.60
2020-01-12,146.46
2020-01-11,142.67
2020-01-10,144.81
2020-01-09,137.92
2020-01-08,140.81
2020-01-07,143.04
2020-01-06,144.08
2020-01-05,135.59
2020-01-04,134.33
2020-01-03,134.27
2020-01-02,127.19
2020-01-01,130.75
2019-12-31,129.21
2019-12-30,131.83
2019-12-29,134.40
2019-12-28,128.35
2019-12-27,126.41
2019-12-26,125.93
2019-12-25,125.24
2019-12-24,128.05
2019-12-23,128.08
2019-12-22,132.19
2019-12-21,127.61
2019-12-20,128.70
2019-12-19,128.42
2019-12-18,132.92
2019-12-17,122.06
2019-12-16,132.78
2019-12-15,142.53
2019-12-14,142.03
2019-12-13,144.96
2019-12-12,145.03
2019-12-11,143.51
2019-12-10,145.86
2019-12-09,147.88
2019-12-08,151.17
2019-12-07,148.28
2019-12-06,148.89
2019-12-05,148.69
2019-12-04,145.79
2019-12-03,147.82
2019-12-02,148.89
2019-12-01,151.04
2019-11-30,151.95
2019-11-29,154.55
2019-11-28,151.07
2019-11-27,152.70
2019-11-26,147.61
2019-11-25,145.90
2019-11-24,140.66
2019-11-23,152.46
2019-11-22,149.80
2019-11-21,161.46
2019-11-20,174.96
2019-11-19,176.09
2019-11-18,178.50
2019-11-17,184.18
2019-11-16,182.42
2019-11-15,180.19
2019-11-14,185.25
2019-11-13,188.36
2019-11-12,186.99
2019-11-11,185.09
2019-11-10,188.99
2019-11-09,184.96
2019-11-08,184.03
2019-11-07,186.94
2019-11-06,191.28
2019-11-05,188.67
2019-11-04,185.85
2019-11-03,181.70
2019-11-02,183.01
2019-11-01,183.12
2019-10-31,182.37
2019-10-30,183.25
2019-10-29,190.45
2019-10-28,181.67
2019-10-27,184.05
2019-10-26,179.62
2019-10-25,181.49
2019-10-24,160.73
2019-10-23,162.28
2019-10-22,171.42
2019-10-21,174.18
2019-10-20,175.14
2019-10-19,171.91
2019-10-18,172.81
2019-10-17,177.31
2019-10-16,174.53
2019-10-15,180.59
2019-10-14,186.63
2019-10-13,181.11
2019-10-12,179.87
2019-10-11,180.60
2019-10-10,191.10
2019-10-09,192.64
2019-10-08,180.78
2019-10-07,179.87
2019-10-06,170.55
2019-10-05,176.43
2019-10-04,175.65
2019-10-03,174.54
2019-10-02,180.27
2019-10-01,175.78
2019-09-30,180.35
2019-09-29,169.29
2019-09-28,173.62
2019-09-27,173.19
2019-09-26,164.56
2019-09-25,168.92
2019-09-24,166.29
2019-09-23,201.18
2019-09-22,211.13
2019-09-21,215.22
2019-09-20,218.00
2019-09-19,220.21
2019-09-18,210.43
2019-09-17,207.77
2019-09-16,197.32
2019-09-15,189.10
2019-09-14,188.16
2019-09-13,181.11
2019-09-12,180.87
2019-09-11,178.47
2019-09-10,180.05
2019-09-09,180.65
2019-09-08,181.44
2019-09-07,177.74
2019-09-06,169.15
2019-09-05,173.83
2019-09-04,174.79
2019-09-03,178.81
2019-09-02,178.11
2019-09-01,169.72
2019-08-31,171.62
2019-08-30,168.16
2019-08-29,168.66
2019-08-28,172.85
2019-08-27,186.58
2019-08-26,188.34
2019-08-25,186.30
2019-08-24,190.15
2019-08-23,193.43
2019-08-22,190.29
2019-08-21,187.24
2019-08-20,196.14
2019-08-19,201.64
2019-08-18,193.68
2019-08-17,184.81
2019-08-16,184.55
2019-08-15,187.80
2019-08-14,186.56
2019-08-13,207.68
2019-08-12,210.45
2019-08-11,215.83
2019-08-10,205.93
2019-08-09,209.49
2019-08-08,220.16
2019-08-07,224.66
2019-08-06,225.63
2019-08-05,232.45
2019-08-04,220.72
2019-08-03,220.89
2019-08-02,216.54
2019-08-01,216.37
2019-07-31,217.23
2019-07-30,208.49
2019-07-29,209.82
2019-07-28,210.37
2019-07-27,206.62
2019-07-26,217.83
2019-07-25,217.65
2019-07-24,215.44
2019-07-23,211.87
2019-07-22,217.27
2019-07-21,225.01
2019-07-20,227.86
2019-07-19,220.09
2019-07-18,225.23
2019-07-17,210.95
2019-07-16,198.87
2019-07-15,228.49
2019-07-14,226.62
2019-07-13,269.16
2019-07-12,274.68
2019-07-11,268.72
2019-07-10,289.10
2019-07-09,307.41
2019-07-08,312.23
2019-07-07,304.88
2019-07-06,288.08
2019-07-05,287.15
2019-07-04,283.43
2019-07-03,300.58
2019-07-02,291.41
2019-07-01,294.83
2019-06-30,292.21
2019-06-29,318.48
2019-06-28,310.56
2019-06-27,297.55
2019-06-26,338.54
2019-06-25,317.65
2019-06-24,311.46
2019-06-23,308.53
2019-06-22,310.38
2019-06-21,294.72
2019-06-20,271.43
2019-06-19,268.26
2019-06-18,264.59
2019-06-17,273.00
2019-06-16,267.98
2019-06-15,267.75
2019-06-14,262.53
2019-06-13,254.86
2019-06-12,261.54
2019-06-11,244.41
2019-06-10,246.86
2019-06-09,231.27
2019-06-08,243.42
2019-06-07,248.98
2019-06-06,248.54
2019-06-05,245.83
2019-06-04,241.26
2019-06-03,250.37
2019-06-02,269.01
2019-06-01,264.31
2019-05-31,267.99
2019-05-30,254.52
2019-05-29,268.61
2019-05-28,271.18
2019-05-27,270.98
2019-05-26,264.68
2019-05-25,250.68
2019-05-24,249.17
2019-05-23,244.68
2019-05-22,244.34
2019-05-21,253.76
2019-05-20,250.72
2019-05-19,259.63
2019-05-18,233.89
2019-05-17,244.45
2019-05-16,264.69
2019-05-15,248.15
2019-05-14,217.42
2019-05-13,196.02
2019-05-12,188.07
2019-05-11,192.27
2019-05-10,172.77
2019-05-09,170.84
2019-05-08,170.77
2019-05-07,169.34
2019-05-06,173.00
2019-05-05,163.03
2019-05-04,163.68
2019-05-03,167.86
2019-05-02,161.66
2019-05-01,160.38
2019-04-30,161.80
2019-04-29,154.93
2019-04-28,158.27
2019-04-27,159.41
2019-04-26,157.97
2019-04-25,155.18
2019-04-24,165.22
2019-04-23,169.95
2019-04-22,170.87
2019-04-21,168.52
2019-04-20,172.73
2019-04-19,172.79
2019-04-18,173.33
2019-04-17,165.90
2019-04-16,165.65
2019-04-15,160.17
2019-04-14,167.29
2019-04-13,163.19
2019-04-12,163.47
2019-04-11,164.36
2019-04-10,177.37
2019-04-09,175.09
2019-04-08,179.16
2019-04-07,174.33
2019-04-06,165.55
2019-04-05,164.93
2019-04-04,157.43
2019-04-03,160.34
2019-04-02,163.47
2019-04-01,141.50
2019-03-31,141.79
2019-03-30,142.65
2019-03-29,143.38
2019-03-28,138.15
2019-03-27,139.65
2019-03-26,134.37
2019-03-25,134.25
2019-03-24,136.44
2019-03-23,137.53
2019-03-22,136.42
2019-03-21,135.11
2019-03-20,139.31
2019-03-19,138.72
2019-03-18,137.92
2019-03-17,138.91
2019-03-16,141.15
2019-03-15,136.75
2019-03-14,132.45
2019-03-13,131.97
2019-03-12,133.80
2019-03-11,132.99
2019-03-10,135.72
2019-03-09,137.52
2019-03-08,133.85
2019-03-07,136.93
2019-03-06,137.62
2019-03-05,136.82
2019-03-04,125.97
2019-03-03,131.01
2019-03-02,132.76
2019-03-01,135.72
2019-02-28,135.47
2019-02-27,135.20
2019-02-26,136.67
2019-02-25,138.27
2019-02-24,132.93
2019-02-23,158.30
2019-02-22,147.97
2019-02-21,145.78
2019-02-20,149.11
2019-02-19,144.01
2019-02-18,145.80
2019-02-17,133.79
2019-02-16,122.87
2019-02-15,121.73
2019-02-14,120.97
2019-02-13,122.22
2019-02-12,122.64
2019-02-11,121.30
2019-02-10,124.92
2019-02-09,119.44
2019-02-08,119.23
2019-02-07,104.55
2019-02-06,104.63
2019-02-05,107.37
2019-02-04,107.90
2019-02-03,107.62
2019-02-02,110.68
2019-02-01,106.98
2019-01-31,106.71
2019-01-30,108.52
2019-01-29,104.79
2019-01-28,105.82
2019-01-27,112.50
2019-01-26,115.83
2019-01-25,115.50
2019-01-24,116.71
2019-01-23,116.84
2019-01-22,118.23
2019-01-21,116.05
2019-01-20,117.52
2019-01-19,123.02
2019-01-18,119.34
2019-01-17,122.03
2019-01-16,121.72
2019-01-15,119.62
2019-01-14,127.53
2019-01-13,114.64
2019-01-12,123.75
2019-01-11,125.15
2019-01-10,125.63
2019-01-09,148.79
2019-01-08,148.41
2019-01-07,149.96
2019-01-06,154.96
2019-01-05,153.49
2019-01-04,152.86
2019-01-03,146.94
2019-01-02,152.95
2019-01-01,139.61
2018-12-31,131.90
2018-12-30,138.45
2018-12-29,133.67
2018-12-28,136.61
2018-12-27,114.56
2018-12-26,130.06
2018-12-25,128.39
2018-12-24,139.23
2018-12-23,129.60
2018-12-22,115.84
2018-12-21,108.18
2018-12-20,114.61
2018-12-19,99.37
2018-12-18,100.66
2018-12-17,94.37
2018-12-16,84.72
2018-12-15,83.90
2018-12-14,83.81
2018-12-13,86.31
2018-12-12,89.62
2018-12-11,88.32
2018-12-10,90.17
2018-12-09,93.62
2018-12-08,90.57
2018-12-07,93.27
2018-12-06,90.86
2018-12-05,102.33
2018-12-04,110.09
2018-12-03,108.66
2018-12-02,116.41
2018-12-01,118.23
2018-11-30,113.77
2018-11-29,117.85
2018-11-28,122.74
2018-11-27,111.18
2018-11-26,110.08
2018-11-25,118.04
2018-11-24,114.43
2018-11-23,124.64
2018-11-22,126.12
2018-11-21,137.72
2018-11-20,132.92
2018-11-19,150.12
2018-11-18,178.65
2018-11-17,176.53
2018-11-16,177.01
2018-11-15,184.10
2018-11-14,187.46
2018-11-13,210.44
2018-11-12,212.79
2018-11-11,213.18
2018-11-10,213.21
2018-11-09,211.39
2018-11-08,212.87
2018-11-07,218.80
2018-11-06,220.22
2018-11-05,210.67
2018-11-04,211.86
2018-11-03,200.23
2018-11-02,202.66
2018-11-01,198.17
2018-10-31,198.59
2018-10-30,197.39
2018-10-29,197.05
2018-10-28,204.99
2018-10-27,204.36
2018-10-26,204.58
2018-10-25,204.11
2018-10-24,205.12
2018-10-23,205.68
2018-10-22,206.77
2018-10-21,207.37
2018-10-20,208.04
2018-10-19,204.97
2018-10-18,206.58
2018-10-17,213.46
2018-10-16,215.06
2018-10-15,214.26
2018-10-14,197.08
2018-10-13,201.22
2018-10-12,196.70
2018-10-11,190.89
2018-10-10,226.30
2018-10-09,228.25
2018-10-08,229.84
2018-10-07,226.11
2018-10-06,225.18
2018-10-05,228.34
2018-10-04,222.57
2018-10-03,220.51
2018-10-02,225.84
2018-10-01,231.77
2018-09-30,232.80
2018-09-29,231.87
2018-09-28,221.77
2018-09-27,229.15
2018-09-26,214.35
2018-09-25,219.04
2018-09-24,228.01
2018-09-23,244.67
2018-09-22,240.82
2018-09-21,247.92
2018-09-20,224.42
2018-09-19,209.74
2018-09-18,209.03
2018-09-17,196.24
2018-09-16,220.20
2018-09-15,221.94
2018-09-14,209.98
2018-09-13,211.00
2018-09-12,182.98
2018-09-11,185.07
2018-09-10,197.04
2018-09-09,195.80
2018-09-08,196.79
2018-09-07,215.60
2018-09-06,229.60
2018-09-05,228.77
2018-09-04,285.17
2018-09-03,288.92
2018-09-02,295.05
2018-09-01,295.31
2018-08-31,281.94
2018-08-30,283.97
2018-08-29,288.42
2018-08-28,295.62
2018-08-27,286.57
2018-08-26,274.46
2018-08-25,277.61
2018-08-24,281.29
2018-08-23,276.12
2018-08-22,269.84
2018-08-21,280.90
2018-08-20,271.08
2018-08-19,299.33
2018-08-18,293.89
2018-08-17,316.90
2018-08-16,286.76
2018-08-15,281.12
2018-08-14,278.19
2018-08-13,284.01
2018-08-12,318.18
2018-08-11,317.59
2018-08-10,331.81
2018-08-09,363.34
2018-08-08,355.44
2018-08-07,378.25
2018-08-06,405.40
2018-08-05,408.85
2018-08-04,407.09
2018-08-03,417.58
2018-08-02,411.00
2018-08-01,420.30
2018-07-31,431.50
2018-07-30,456.64
2018-07-29,466.41
2018-07-28,468.78
2018-07-27,470.23
2018-07-26,462.75
2018-07-25,472.03
2018-07-24,479.88
2018-07-23,450.56
2018-07-22,459.02
2018-07-21,461.52
2018-07-20,449.38
2018-07-19,469.47
2018-07-18,480.00
2018-07-17,499.87
2018-07-16,479.79
2018-07-15,450.81
2018-07-14,434.09
2018-07-13,432.85
2018-07-12,430.84
2018-07-11,445.99
2018-07-10,432.67
2018-07-09,471.52
2018-07-08,486.45
2018-07-07,485.40
2018-07-06,469.90
2018-07-05,468.47
2018-07-04,467.52
2018-07-03,461.89
2018-07-02,475.70
2018-07-01,452.57
2018-06-30,452.67
2018-06-29,435.37
2018-06-28,421.27
2018-06-27,442.16
2018-06-26,430.33
2018-06-25,458.76
2018-06-24,454.81
2018-06-23,474.14
2018-06-22,462.57
2018-06-21,526.01
2018-06-20,536.31
2018-06-19,538.22
2018-06-18,517.91
2018-06-17,496.43
2018-06-16,496.93
2018-06-15,487.88
2018-06-14,519.49
2018-06-13,476.17
2018-06-12,494.48
2018-06-11,531.42
2018-06-10,524.64
2018-06-09,593.80
2018-06-08,599.67
2018-06-07,604.71
2018-06-06,606.39
2018-06-05,608.83
2018-06-04,591.44
2018-06-03,619.08
2018-06-02,591.30
2018-06-01,579.30
2018-05-31,577.87
2018-05-30,557.98
2018-05-29,566.81
2018-05-28,512.29
2018-05-27,570.69
2018-05-26,586.76
2018-05-25,585.39
2018-05-24,602.43
2018-05-23,577.55
2018-05-22,642.17
2018-05-21,696.85
2018-05-20,716.02
2018-05-19,696.76
2018-05-18,693.28
2018-05-17,668.97
2018-05-16,706.53
2018-05-15,705.73
2018-05-14,727.06
2018-05-13,729.37
2018-05-12,683.94
2018-05-11,676.21
2018-05-10,724.40
2018-05-09,751.62
2018-05-08,748.48
2018-05-07,754.03
2018-05-06,793.19
2018-05-05,818.33
2018-05-04,785.20
2018-05-03,778.95
2018-05-02,688.15
2018-05-01,671.26
2018-04-30,670.07
2018-04-29,689.90
2018-04-28,683.49
2018-04-27,643.97
2018-04-26,662.36
2018-04-25,617.36
2018-04-24,703.02
2018-04-23,644.13
2018-04-22,622.23
2018-04-21,605.59
2018-04-20,617.04
2018-04-19,567.49
2018-04-18,525.66
2018-04-17,503.19
2018-04-16,511.82
2018-04-15,533.90
2018-04-14,502.52
2018-04-13,493.48
2018-04-12,494.03
2018-04-11,430.14
2018-04-10,415.45
2018-04-09,399.05
2018-04-08,400.71
2018-04-07,384.87
2018-04-06,369.97
2018-04-05,381.52
2018-04-04,378.68
2018-04-03,415.55
2018-04-02,385.07
2018-04-01,378.75
2018-03-31,393.96
2018-03-30,393.79
2018-03-29,384.12
2018-03-28,446.84
2018-03-27,448.48
2018-03-26,485.98
2018-03-25,523.50
2018-03-24,520.45
2018-03-23,543.42
2018-03-22,539.87
2018-03-21,560.24
2018-03-20,557.08
2018-03-19,556.16
2018-03-18,536.72
2018-03-17,550.27
2018-03-16,600.79
2018-03-15,610.13
2018-03-14,612.09
2018-03-13,689.57
2018-03-12,697.04
2018-03-11,720.12
2018-03-10,682.52
2018-03-09,725.89
2018-03-08,698.96
2018-03-07,749.98
2018-03-06,814.88
2018-03-05,850.24
2018-03-04,865.53
2018-03-03,855.91
2018-03-02,856.09
2018-03-01,870.04
2018-02-28,852.49
2018-02-27,871.44
2018-02-26,866.99
2018-02-25,840.88
2018-02-24,834.36
2018-02-23,856.65
2018-02-22,803.66
2018-02-21,839.10
2018-02-20,884.51
2018-02-19,940.08
2018-02-18,913.10
2018-02-17,971.54
2018-02-16,937.50
2018-02-15,927.56
2018-02-14,919.67
2018-02-13,841.38
2018-02-12,865.62
2018-02-11,810.45
2018-02-10,851.39
2018-02-09,877.85
2018-02-08,805.40
2018-02-07,753.18
2018-02-06,783.83
2018-02-05,696.86
2018-02-04,829.43
2018-02-03,971.49
2018-02-02,920.85
2018-02-01,"1,033.55"
2018-01-31,"1,118.08"
2018-01-30,"1,071.90"
2018-01-29,"1,175.00"
2018-01-28,"1,246.60"
2018-01-27,"1,114.80"
2018-01-26,"1,047.00"
2018-01-25,"1,048.20"
2018-01-24,"1,063.20"
2018-01-23,982.98
2018-01-22,995.08
2018-01-21,"1,047.00"
2018-01-20,"1,146.00"
2018-01-19,"1,032.60"
2018-01-18,994.81
2018-01-17,"1,017.50"
2018-01-16,"1,020.10"
2018-01-15,"1,273.40"
2018-01-14,"1,350.00"
2018-01-13,"1,380.00"
2018-01-12,"1,257.20"
2018-01-11,"1,135.50"
2018-01-10,"1,248.00"
2018-01-09,"1,283.70"
2018-01-08,"1,129.30"
2018-01-07,"1,115.80"
2018-01-06,"1,004.30"
2018-01-05,962.77
2018-01-04,940.00
2018-01-03,942.01
2018-01-02,858.78
2018-01-01,752.46
2017-12-31,736.77
2017-12-30,682.22
2017-12-29,731.52
2017-12-28,711.42
2017-12-27,736.45
2017-12-26,749.80
2017-12-25,709.81
2017-12-24,659.89
2017-12-23,672.59
2017-12-22,628.19
2017-12-21,786.97
2017-12-20,794.99
2017-12-19,799.98
2017-12-18,783.99
2017-12-17,708.78
2017-12-16,683.25
2017-12-15,678.29
2017-12-14,686.51
2017-12-13,690.69
2017-12-12,634.87
2017-12-11,515.25
2017-12-10,429.24
2017-12-09,460.92
2017-12-08,442.19
2017-12-07,415.02
2017-12-06,413.71
2017-12-05,451.87
2017-12-04,465.00
2017-12-03,459.49
2017-12-02,455.51
2017-12-01,460.67
2017-11-30,432.21
2017-11-29,420.34
2017-11-28,465.56
2017-11-27,473.44
2017-11-26,464.00
2017-11-25,464.00
2017-11-24,470.51
2017-11-23,405.19
2017-11-22,380.48
2017-11-21,360.00
2017-11-20,367.94
2017-11-19,354.70
2017-11-18,346.68
2017-11-17,331.00
2017-11-16,330.76
2017-11-15,330.59
2017-11-14,334.28
2017-11-13,313.22
2017-11-12,303.90
2017-11-11,313.07
2017-11-10,296.18
2017-11-09,319.52
2017-11-08,307.50
2017-11-07,291.42
2017-11-06,296.90
2017-11-05,295.63
2017-11-04,299.48
2017-11-03,303.47
2017-11-02,284.89
2017-11-01,288.60
2017-10-31,303.69
2017-10-30,307.00
2017-10-29,304.39
2017-10-28,293.49
2017-10-27,295.99
2017-10-26,295.10
2017-10-25,295.46
2017-10-24,296.30
2017-10-23,284.85
2017-10-22,293.55
2017-10-21,299.23
2017-10-20,302.61
2017-10-19,306.97
2017-10-18,313.45
2017-10-17,315.65
2017-10-16,334.46
2017-10-15,337.23
2017-10-14,339.24
2017-10-13,337.46
2017-10-12,303.06
2017-10-11,303.20
2017-10-10,299.32
2017-10-09,297.40
2017-10-08,309.82
2017-10-07,311.46
2017-10-06,308.43
2017-10-05,295.12
2017-10-04,291.40
2017-10-03,291.69
2017-10-02,296.82
2017-10-01,304.26
2017-09-30,303.44
2017-09-29,292.66
2017-09-28,302.63
2017-09-27,309.75
2017-09-26,289.28
2017-09-25,295.20
2017-09-24,282.00
2017-09-23,285.90
2017-09-22,262.19
2017-09-21,256.67
2017-09-20,283.50
2017-09-19,282.63
2017-09-18,296.81
2017-09-17,257.00
2017-09-16,253.00
2017-09-15,258.68
2017-09-14,222.50
2017-09-13,275.48
2017-09-12,293.90
2017-09-11,297.19
2017-09-10,297.90
2017-09-09,303.08
2017-09-08,304.00
2017-09-07,334.10
2017-09-06,337.36
2017-09-05,316.18
2017-09-04,295.81
2017-09-03,350.63
2017-09-02,345.00
2017-09-01,390.35
2017-08-31,387.30
2017-08-30,382.78
2017-08-29,372.00
2017-08-28,347.09
2017-08-27,348.01
2017-08-26,332.72
2017-08-25,328.70
2017-08-24,325.62
2017-08-23,316.50
2017-08-22,312.54
2017-08-21,322.24
2017-08-20,298.37
2017-08-19,292.78
2017-08-18,292.00
2017-08-17,299.00
2017-08-16,301.34
2017-08-15,286.00
2017-08-14,298.22
2017-08-13,296.64
2017-08-12,307.22
2017-08-11,308.81
2017-08-10,295.97
2017-08-09,293.99
2017-08-08,295.83
2017-08-07,269.51
2017-08-06,264.29
2017-08-05,253.87
2017-08-04,220.73
2017-08-03,224.79
2017-08-02,218.00
2017-08-01,225.97
2017-07-31,200.81
2017-07-30,195.31
2017-07-29,206.76
2017-07-28,191.20
2017-07-27,202.54
2017-07-26,203.33
2017-07-25,202.70
2017-07-24,226.59
2017-07-23,228.15
2017-07-22,232.01
2017-07-21,216.11
2017-07-20,227.29
2017-07-19,194.63
2017-07-18,226.56
2017-07-17,190.16
2017-07-16,157.40
2017-07-15,170.15
2017-07-14,196.49
2017-07-13,205.00
2017-07-12,223.92
2017-07-11,188.63
2017-07-10,202.00
2017-07-09,234.97
2017-07-08,245.23
2017-07-07,238.38
2017-07-06,265.35
2017-07-05,264.77
2017-07-04,266.68
2017-07-03,273.99
2017-07-02,277.64
2017-07-01,255.00
2017-06-30,275.62
2017-06-29,285.30
2017-06-28,311.62
2017-06-27,279.00
2017-06-26,251.30
2017-06-25,277.00
2017-06-24,296.89
2017-06-23,324.37
2017-06-22,320.94
2017-06-21,321.66
2017-06-20,344.15
2017-06-19,355.50
2017-06-18,348.88
2017-06-17,364.56
2017-06-16,348.44
2017-06-15,338.70
2017-06-14,335.95
2017-06-13,382.70
2017-06-12,386.90
2017-06-11,336.33
2017-06-10,325.88
2017-06-09,278.41
2017-06-08,256.95
2017-06-07,250.70
2017-06-06,261.89
2017-06-05,242.16
2017-06-04,241.06
2017-06-03,217.01
2017-06-02,214.77
2017-06-01,211.40
2017-05-31,218.34
2017-05-30,224.69
2017-05-29,189.99
2017-05-28,161.91
2017-05-27,149.99
2017-05-26,152.80
2017-05-25,168.71
2017-05-24,183.88
2017-05-23,168.24
2017-05-22,154.92
2017-05-21,146.14
2017-05-20,123.03
2017-05-19,124.40
2017-05-18,98.60
2017-05-17,89.67
2017-05-16,88.17
2017-05-15,92.56
2017-05-14,90.37
2017-05-13,89.90
2017-05-12,86.99
2017-05-11,89.38
2017-05-10,88.33
2017-05-09,88.94
2017-05-08,88.97
2017-05-07,94.21
2017-05-06,96.65
2017-05-05,91.50
2017-05-04,99.20
2017-05-03,85.79
2017-05-02,82.01
2017-05-01,81.40
2017-04-30,83.51
2017-04-29,73.55
2017-04-28,76.00
2017-04-27,68.00
2017-04-26,57.31
2017-04-25,53.90
2017-04-24,53.54
2017-04-23,53.33
2017-04-22,52.15
2017-04-21,51.37
2017-04-20,51.96
2017-04-19,49.66
2017-04-18,52.42
2017-04-17,49.52
2017-04-16,49.58
2017-04-15,49.71
2017-04-14,48.50
2017-04-13,50.65
2017-04-12,46.85
2017-04-11,44.21
2017-04-10,44.17
2017-04-09,43.94
2017-04-08,44.51
2017-04-07,42.25
2017-04-06,43.11
2017-04-05,45.35
2017-04-04,44.41
2017-04-03,44.28
2017-04-02,48.60
2017-04-01,50.59
2017-03-31,49.72
2017-03-30,51.62
2017-03-29,52.88
2017-03-28,50.16
2017-03-27,48.93
2017-03-26,50.46
2017-03-25,50.75
2017-03-24,54.01
2017-03-23,43.14
2017-03-22,41.46
2017-03-21,42.45
2017-03-20,42.06
2017-03-19,43.17
2017-03-18,34.20
2017-03-17,44.65
2017-03-16,45.07
2017-03-15,34.80
2017-03-14,28.66
2017-03-13,28.40
2017-03-12,23.20
2017-03-11,21.30
2017-03-10,19.18
2017-03-09,17.75
2017-03-08,16.51
2017-03-07,18.88
2017-03-06,19.51
2017-03-05,19.35
2017-03-04,18.50
2017-03-03,19.49
2017-03-02,19.02
2017-03-01,17.43
2017-02-28,15.86
2017-02-27,15.50
2017-02-26,14.57
2017-02-25,13.55
2017-02-24,13.11
2017-02-23,13.27
2017-02-22,12.68
2017-02-21,12.82
2017-02-20,12.40
2017-02-19,12.80
2017-02-18,12.79
2017-02-17,12.76
2017-02-16,12.92
2017-02-15,12.92
2017-02-14,12.96
2017-02-13,11.35
2017-02-12,11.26
2017-02-11,11.33
2017-02-10,11.30
2017-02-09,10.90
2017-02-08,11.35
2017-02-07,11.41
2017-02-06,11.32
2017-02-05,11.18
2017-02-04,11.32
2017-02-03,10.93
2017-02-02,10.80
2017-02-01,10.71
2017-01-31,10.71
2017-01-30,10.53
2017-01-29,10.46
2017-01-28,10.51
2017-01-27,10.50
2017-01-26,10.63
2017-01-25,10.48
2017-01-24,10.50
2017-01-23,10.77
2017-01-22,10.64
2017-01-21,10.95
2017-01-20,10.62
2017-01-19,10.38
2017-01-18,10.19
2017-01-17,10.12
2017-01-16,9.61
2017-01-15,9.81
2017-01-14,9.67
2017-01-13,9.67
2017-01-12,9.83
2017-01-11,9.79
2017-01-10,10.61
2017-01-09,10.26
2017-01-08,10.28
2017-01-07,9.84
2017-01-06,10.08
2017-01-05,10.15
2017-01-04,11.00
2017-01-03,9.74
2017-01-02,8.37
2017-01-01,8.20
2016-12-31,8.00
2016-12-30,8.16
2016-12-29,8.27
2016-12-28,7.58
2016-12-27,7.12
2016-12-26,7.27
2016-12-25,7.23
2016-12-24,7.25
2016-12-23,7.16
2016-12-22,7.61
2016-12-21,7.89
2016-12-20,7.61
2016-12-19,7.58
2016-12-18,7.93
2016-12-17,7.73
2016-12-16,7.86
2016-12-15,7.83
2016-12-14,8.21
2016-12-13,8.36
2016-12-12,8.45
2016-12-11,8.19
2016-12-10,8.12
2016-12-09,8.52
2016-12-08,8.30
2016-12-07,8.33
2016-12-06,7.71
2016-12-05,6.70
2016-12-04,7.55
2016-12-03,7.91
2016-12-02,7.70
2016-12-01,8.46
2016-11-30,8.62
2016-11-29,8.16
2016-11-28,8.70
2016-11-27,8.88
2016-11-26,9.33
2016-11-25,9.38
2016-11-24,9.20
2016-11-23,9.69
2016-11-22,9.84
2016-11-21,9.61
2016-11-20,9.57
2016-11-19,9.73
2016-11-18,9.52
2016-11-17,9.99
2016-11-16,10.02
2016-11-15,10.27
2016-11-14,10.00
2016-11-13,10.08
2016-11-12,10.01
2016-11-11,10.27
2016-11-10,10.54
2016-11-09,10.72
2016-11-08,10.92
2016-11-07,10.88
2016-11-06,10.91
2016-11-05,11.17
2016-11-04,11.21
2016-11-03,10.86
2016-11-02,10.86
2016-11-01,10.81
2016-10-31,10.96
2016-10-30,11.28
2016-10-29,10.38
2016-10-28,11.15
2016-10-27,11.57
2016-10-26,11.50
2016-10-25,11.36
2016-10-24,11.99
2016-10-23,12.07
2016-10-22,12.29
2016-10-21,12.16
2016-10-20,12.09
2016-10-19,11.99
2016-10-18,12.54
2016-10-17,12.00
2016-10-16,11.98
2016-10-15,12.01
2016-10-14,11.93
2016-10-13,12.07
2016-10-12,11.72
2016-10-11,11.78
2016-10-10,11.73
2016-10-09,12.01
2016-10-08,12.26
2016-10-07,12.69
2016-10-06,12.84
2016-10-05,13.11
2016-10-04,13.33
2016-10-03,13.44
2016-10-02,13.16
2016-10-01,13.18
2016-09-30,13.30
2016-09-29,13.10
2016-09-28,13.25
2016-09-27,13.08
2016-09-26,12.90
2016-09-25,13.05
2016-09-24,12.86
2016-09-23,13.36
2016-09-22,13.17
2016-09-21,13.74
2016-09-20,14.45
2016-09-19,12.90
2016-09-18,12.32
2016-09-17,12.80
2016-09-16,12.68
2016-09-15,12.01
2016-09-14,11.94
2016-09-13,12.01
2016-09-12,12.00
2016-09-11,11.68
2016-09-10,12.13
2016-09-09,11.68
2016-09-08,11.45
2016-09-07,11.64
2016-09-06,11.73
2016-09-05,11.85
2016-09-04,11.73
2016-09-03,12.01
2016-09-02,12.13
2016-09-01,12.22
2016-08-31,11.63
2016-08-30,11.29
2016-08-29,10.93
2016-08-28,10.94
2016-08-27,11.20
2016-08-26,11.22
2016-08-25,11.39
2016-08-24,10.98
2016-08-23,10.99
2016-08-22,11.14
2016-08-21,11.13
2016-08-20,11.26
2016-08-19,10.68
2016-08-18,10.69
2016-08-17,10.72
2016-08-16,11.07
2016-08-15,11.09
2016-08-14,11.16
2016-08-13,11.48
2016-08-12,11.67
2016-08-11,11.64
2016-08-10,12.07
2016-08-09,10.16
2016-08-08,10.16
2016-08-07,10.16
2016-08-06,10.16
2016-08-05,10.16
2016-08-04,10.16
2016-08-03,10.16
2016-08-02,10.16
2016-08-01,11.08
2016-07-31,11.86
2016-07-30,12.52
2016-07-29,12.90
2016-07-28,12.87
2016-07-27,13.03
2016-07-26,12.01
2016-07-25,13.80
2016-07-24,12.65
2016-07-23,14.25
2016-07-22,14.67
2016-07-21,12.55
2016-07-20,12.48
2016-07-19,11.75
2016-07-18,11.04
2016-07-17,11.24
2016-07-16,11.72
2016-07-15,11.93
2016-07-14,11.60
2016-07-13,10.47
2016-07-12,10.55
2016-07-11,10.51
2016-07-10,10.95
2016-07-09,10.90
2016-07-08,11.31
2016-07-07,10.14
2016-07-06,10.55
2016-07-05,10.53
2016-07-04,11.42
2016-07-03,11.78
2016-07-02,12.14
2016-07-01,12.35
2016-06-30,12.50
2016-06-29,12.77
2016-06-28,12.22
2016-06-27,13.96
2016-06-26,13.75
2016-06-25,14.31
2016-06-24,14.29
2016-06-23,13.75
2016-06-22,13.25
2016-06-21,12.94
2016-06-20,11.90
2016-06-19,12.43
2016-06-18,11.41
2016-06-17,15.61
2016-06-16,20.70
2016-06-15,18.45
2016-06-14,18.73
2016-06-13,17.73
2016-06-12,15.80
2016-06-11,14.15
2016-06-10,13.97
2016-06-09,14.45
2016-06-08,14.49
2016-06-07,14.50
2016-06-06,14.03
2016-06-05,13.95
2016-06-04,13.81
2016-06-03,13.84
2016-06-02,13.80
2016-06-01,13.85
2016-05-31,14.01
2016-05-30,12.72
2016-05-29,12.41
2016-05-28,11.98
2016-05-27,11.12
2016-05-26,12.48
2016-05-25,12.49
2016-05-24,12.73
2016-05-23,13.42
2016-05-22,14.21
2016-05-21,14.00
2016-05-20,13.79
2016-05-19,14.58
2016-05-18,13.35
2016-05-17,12.08
2016-05-16,11.09
2016-05-15,9.97
2016-05-14,10.16
2016-05-13,10.60
2016-05-12,10.04
2016-05-11,9.89
2016-05-10,9.38
2016-05-09,9.32
2016-05-08,9.50
2016-05-07,9.35
2016-05-06,9.35
2016-05-05,9.79
2016-05-04,9.46
2016-05-03,9.34
2016-05-02,10.00
2016-05-01,8.75
2016-04-30,8.87
2016-04-29,7.52
2016-04-28,7.33
2016-04-27,7.80
2016-04-26,7.50
2016-04-25,7.54
2016-04-24,8.10
2016-04-23,8.46
2016-04-22,7.97
2016-04-21,8.11
2016-04-20,8.61
2016-04-19,8.71
2016-04-18,8.97
2016-04-17,9.46
2016-04-16,8.54
2016-04-15,8.32
2016-04-14,8.46
2016-04-13,8.09
2016-04-12,7.53
2016-04-11,8.68
2016-04-10,8.76
2016-04-09,9.15
2016-04-08,9.71
2016-04-07,10.12
2016-04-06,10.76
2016-04-05,10.40
2016-04-04,11.15
2016-04-03,11.75
2016-04-02,11.61
2016-04-01,11.62
2016-03-31,11.41
2016-03-30,11.85
2016-03-29,11.79
2016-03-28,11.62
2016-03-27,10.40
2016-03-26,11.00
2016-03-25,10.67
2016-03-24,11.20
2016-03-23,12.43
2016-03-22,11.37
2016-03-21,11.95
2016-03-20,10.18
2016-03-19,10.31
2016-03-18,10.74
2016-03-17,10.74
2016-03-16,12.88
2016-03-15,13.06
2016-03-14,12.50
2016-03-13,15.07
2016-03-12,12.92
2016-03-11,11.95
2016-03-10,11.75
